106, 2c:33:11:89:6d:c2
10M, 2c:33:11:68:49:92
111, 2c:33:11:89:68:82
114-H, 2c:33:11:3c:53:12
115, 2c:33:11:9e:06:32
116, 2c:33:11:3c:53:62
117, 2c:33:11:5b:a1:92
120, e8:65:49:c2:d4:62
121, 2c:33:11:5b:a5:e2
124, 2c:33:11:89:42:f2
125, 2c:33:11:3c:55:12
125-H, 2c:33:11:89:6a:52
129, 38:90:a5:19:87:e2
130, 2c:33:11:68:48:82
131, 2c:33:11:9e:0a:32
134-E, 2c:33:11:9e:07:f2
134-W, 2c:33:11:9e:0d:82
135, 2c:33:11:5b:a6:e2
137, 2c:33:11:9e:05:42
138-E, 2c:33:11:9e:0a:92
138-W, 2c:33:11:5b:a5:32
139, 2c:33:11:89:48:22
203, 2c:33:11:3c:52:a2
203-H, 2c:33:11:5b:95:52
204, 2c:33:11:89:69:72
208, 2c:33:11:49:49:c2
209, 2c:33:11:89:63:72
210, 2c:33:11:89:6e:12
211, 2c:33:11:89:61:62
212, 2c:33:11:5b:9e:82      # 218 in Log
213, 2c:33:11:5b:9d:82
214, 2c:33:11:68:2e:32
216, 2c:33:11:68:43:52
219, 2c:33:11:9e:03:12
220, 2c:33:11:5b:a4:52
221, 2c:33:11:21:b6:22
222, 2c:33:11:9e:02:d2
229, 2c:33:11:5b:a3:72
232, 2c:33:11:68:2e:62
233, 2c:33:11:68:43:b2
235, 2c:33:11:89:63:a2
236, 2c:33:11:3c:40:a2
242, 2c:33:11:89:54:12
244-E, 2c:33:11:89:69:22
244-W, 2c:33:11:5b:a4:42
